{"cameraMode":{"drawMode":2,"name":"Shaded Wireframe","section":"Shading Mode"},"sceneLighting":true,"audioPlay":false,"sceneViewState":{"showFog":true,"showMaterialUpdate":false,"showSkybox":true,"showFlares":true,"showImageEffects":true,"showParticleSystems":true},"in2DMode":false,"pivot":{"x":15.537546157836914,"y":-2.282130718231201,"z":-7.927727699279785},"rotation":{"x":0.05988561362028122,"y":0.9374151825904846,"z":-0.20304876565933228,"w":0.2764738202095032},"size":13.75788688659668,"orthographic":false}