{"cameraMode":{"drawMode":0,"name":"Shaded","section":"Shading Mode"},"sceneLighting":false,"audioPlay":false,"sceneViewState":{"showFog":true,"showMaterialUpdate":false,"showSkybox":true,"showFlares":true,"showImageEffects":true,"showParticleSystems":true},"in2DMode":false,"pivot":{"x":5.650000095367432,"y":2.2100000381469728,"z":-0.6000000238418579},"rotation":{"x":-0.20048056542873383,"y":-0.6810653209686279,"z":0.20241978764533997,"w":-0.6745249629020691},"size":0.9478525519371033,"orthographic":true}