{"cameraMode":{"drawMode":0,"name":"Shaded","section":"Shading Mode"},"sceneLighting":false,"audioPlay":false,"sceneViewState":{"showFog":true,"showMaterialUpdate":false,"showSkybox":true,"showFlares":true,"showImageEffects":true,"showParticleSystems":true},"in2DMode":false,"pivot":{"x":5.650000095367432,"y":2.2100000381469728,"z":-0.6000000238418579},"rotation":{"x":-0.03638770803809166,"y":-0.9616695642471314,"z":0.1586521565914154,"w":-0.22067418694496156},"size":0.9478525519371033,"orthographic":true}