{"cameraMode":{"drawMode":0,"name":"Shaded","section":"Shading Mode"},"sceneLighting":false,"audioPlay":false,"sceneViewState":{"showFog":true,"showMaterialUpdate":false,"showSkybox":true,"showFlares":true,"showImageEffects":true,"showParticleSystems":true},"in2DMode":false,"pivot":{"x":-0.10169005393981934,"y":1.4726536273956299,"z":-1.4418325424194337},"rotation":{"x":-0.13915182650089265,"y":-0.43244287371635439,"z":0.06776349991559982,"w":-0.8882781863212586},"size":4.492794990539551,"orthographic":true}