{"cameraMode":{"drawMode":0,"name":"Shaded","section":"Shading Mode"},"sceneLighting":false,"audioPlay":false,"sceneViewState":{"showFog":true,"showMaterialUpdate":false,"showSkybox":true,"showFlares":true,"showImageEffects":true,"showParticleSystems":true},"in2DMode":false,"pivot":{"x":0.20077338814735413,"y":9.537893295288086,"z":1.1046743392944337},"rotation":{"x":-0.030172323808073999,"y":-0.875811755657196,"z":0.05525662377476692,"w":-0.4785292446613312},"size":16.752792358398439,"orthographic":true}