{"cameraMode":{"drawMode":0,"name":"Shaded","section":"Shading Mode"},"sceneLighting":false,"audioPlay":false,"sceneViewState":{"showFog":true,"showMaterialUpdate":false,"showSkybox":true,"showFlares":true,"showImageEffects":true,"showParticleSystems":true},"in2DMode":false,"pivot":{"x":4.260000228881836,"y":1.5900001525878907,"z":0.983575701713562},"rotation":{"x":0.09165925532579422,"y":-0.7228400111198425,"z":0.09774023294448853,"w":0.6778995394706726},"size":1.1466583013534547,"orthographic":true}