{"cameraMode":{"drawMode":2,"name":"Shaded Wireframe","section":"Shading Mode"},"sceneLighting":true,"audioPlay":false,"sceneViewState":{"showFog":false,"showMaterialUpdate":false,"showSkybox":false,"showFlares":false,"showImageEffects":false,"showParticleSystems":true},"in2DMode":false,"pivot":{"x":24.104143142700197,"y":-21.101829528808595,"z":-40.78113555908203},"rotation":{"x":0.04909028857946396,"y":0.9498475790023804,"z":-0.24001237750053407,"w":0.1943550705909729},"size":55.71237564086914,"orthographic":false}