{"cameraMode":{"drawMode":0,"name":"Shaded","section":"Shading Mode"},"sceneLighting":false,"audioPlay":false,"sceneViewState":{"showFog":true,"showMaterialUpdate":false,"showSkybox":true,"showFlares":true,"showImageEffects":true,"showParticleSystems":true},"in2DMode":false,"pivot":{"x":23.296598434448243,"y":-3.6505792140960695,"z":7.12701416015625},"rotation":{"x":0.11529556661844254,"y":0.575730562210083,"z":-0.08243143558502197,"w":0.8052617311477661},"size":25.84729766845703,"orthographic":false}