{"cameraMode":{"drawMode":2,"name":"Shaded Wireframe","section":"Shading Mode"},"sceneLighting":true,"audioPlay":false,"sceneViewState":{"showFog":true,"showMaterialUpdate":false,"showSkybox":true,"showFlares":true,"showImageEffects":true,"showParticleSystems":true},"in2DMode":false,"pivot":{"x":17.532398223876954,"y":-2.3719348907470705,"z":-4.798430442810059},"rotation":{"x":0.016624832525849344,"y":0.9574936032295227,"z":-0.2824048399925232,"w":0.05636647343635559},"size":19.018815994262697,"orthographic":false}